GCA_000227465.1	Bacillus subtilis	Bacillus spizizenii
GCA_003148415.1	Bacillus subtilis	Bacillus inaquosorum
GCA_900445575.1	Bacteroides pyogenes	Bacteroides tectus
GCA_002706665.1	Bifidobacterium pseudolongum	Bifidobacterium globosum
GCA_000741295.1	Bifidobacterium pseudolongum	Bifidobacterium globosum
GCA_000687595.1	Bifidobacterium pseudolongum	Bifidobacterium globosum
GCA_000771145.1	Bifidobacterium pseudolongum	Bifidobacterium globosum
GCA_003076355.1	Clavibacter michiganensis	Clavibacter insidiosus
GCA_001436835.1	Lactobacillus fermentum	Limosilactobacillus fermentum
GCA_003255745.1	Paracoccus saliphilus	Paracoccus halotolerans
GCA_003865155.1	Streptomyces rimosus	Streptomyces paromomycinus
GCA_001431665.1	Stenotrophomonas maltophilia	Pseudomonas beteli
GCA_007989785.1	Bacillus subtilis	Bacillus spizizenii
GCA_001605015.1	Aminobacter aminovorans	Chelatobacter heintzii
GCA_010671665.1	Bacillus megaterium	Priestia megaterium
GCA_000771045.1	Bifidobacterium thermacidophilum	Bifidobacterium porcinum
GCA_002530675.1	Flavobacterium columnare	Flavobacterium columnare
GCA_001311095.1	Lactobacillus paralimentarius	Companilactobacillus kimchii
GCA_001435445.1	Lactobacillus paralimentarius	Companilactobacillus kimchii
GCA_001434855.1	Lactobacillus paralimentarius	Companilactobacillus bobalius
GCA_000015365.1	Marinobacter hydrocarbonoclasticus	Marinobacter nauticus
GCA_003634635.1	Marinobacter hydrocarbonoclasticus	Marinobacter nauticus
GCA_000284615.1	Marinobacter hydrocarbonoclasticus	Marinobacter nauticus
GCA_002939475.1	Streptomyces cinnamoneus	Streptoverticillium sapporonense
GCA_008000835.1	Arcobacter canalis	Malaciobacter canalis
GCA_002723485.1	Arcobacter canalis	Malaciobacter canalis
GCA_002151505.1	Borreliella burgdorferi	Borrelia burgdorferi
GCA_000008685.2	Borreliella burgdorferi	Borrelia burgdorferi
GCA_002083055.2	Borreliella burgdorferi	Borrelia burgdorferi
GCA_000712175.1	Mycoplasma columbinum	Mycoplasmopsis columbinum
GCA_000227355.2	Mycoplasma iowae	Malacoplasma iowae
GCA_000143945.1	Mycoplasma pneumoniae	Mycoplasmoides pneumoniae
GCA_001272835.1	Mycoplasma pneumoniae	Mycoplasmoides pneumoniae
GCA_000721175.1	Streptomyces anulatus	Streptomyces fluorescens
GCA_000717105.1	Streptomyces anulatus	Streptomyces fluorescens
GCA_009883755.1	Mycoplasma iowae	Malacoplasma iowae
GCA_000721255.1	Streptomyces avellaneus	Kitasatospora aureofaciens
GCA_004217225.1	Dechlorosoma suillum	Azospira oryzae
GCA_000154285.1	Absiella dolichum	Amedibacillus dolichus
GCA_003589885.1	Actinomadura amylolytica	Thermomonospora amylolytica
GCA_900108175.1	Actinomadura echinospora	Thermomonospora echinospora
GCA_003386555.1	Actinomadura umbrina	Thermomonospora umbrina
GCA_001907235.1	Actinomyces hordeovulneris	Buchananella hordeovulneris
GCA_001907245.1	Actinomyces liubingyangii	Boudabousia liubingyangii
GCA_001936115.1	Actinomyces marimammalium	Boudabousia marimammalium
GCA_001907295.1	Actinomyces nasicola	Bowdeniella nasicola
GCA_001856685.1	Actinomyces tangfeifanii	Boudabousia tangfeifanii
GCA_003674095.1	Aeromicrobium endophyticum	Aeromicrobium phragmitis
GCA_000764645.1	Aeromonas finlandiensis	Aeromonas finlandensis
GCA_900045375.1	Agrobacterium tumefaciens	Agrobacterium radiobacter
GCA_009498475.1	Agrobacterium tumefaciens	Agrobacterium radiobacter
GCA_001541315.1	Agrobacterium tumefaciens	Agrobacterium radiobacter
GCA_001541305.1	Agrobacterium tumefaciens	Agrobacterium radiobacter
GCA_008801385.1	Agrobacterium tumefaciens	Agrobacterium radiobacter
GCA_002008215.1	Agrobacterium tumefaciens	Agrobacterium radiobacter
GCA_000585155.1	Aliiarcobacter faecis	Aliarcobacter faecis
GCA_013201705.1	Aliiarcobacter faecis	Aliarcobacter faecis
GCA_004362515.1	Alloactinosynnema album	Actinokineospora alba
GCA_900101685.1	Alloactinosynnema iranicum	Actinokineospora iranica
GCA_003143535.1	Allopseudarcicella aquatilis	Aquirufa nivalisilvae
GCA_009827495.1	Altererythrobacter aerius	Tsuneonella aeria
GCA_004965515.1	Altererythrobacter aquimixticola	Alteraurantiacibacter aquimixticola
GCA_009827635.1	Altererythrobacter aurantiacus	Parapontixanthobacter aurantiacus
GCA_009827655.1	Altererythrobacter buctensis	Alteraurantiacibacter buctensis
GCA_001698205.1	Altererythrobacter dongtanensis	Tsuneonella dongtanensis
GCA_009827595.1	Altererythrobacter endophyticus	Altericroceibacterium endophyticum
GCA_002870965.1	Altererythrobacter flavus	Tsuneonella flava
GCA_009827575.1	Altererythrobacter halimionae	Alteriqipengyuania halimionae
GCA_009828105.1	Altererythrobacter indicus	Altericroceibacterium indicum
GCA_005434975.1	Altererythrobacter lutipelagi	Parerythrobacter lutipelagi
GCA_002269345.1	Altererythrobacter mangrovi	Tsuneonella mangrovi
GCA_001461885.1	Altererythrobacter marensis	Pelagerythrobacter marensis
GCA_001028625.1	Altererythrobacter marensis	Pelagerythrobacter marensis
GCA_009827515.1	Altererythrobacter marinus	Pelagerythrobacter marinus
GCA_001687545.1	Altererythrobacter namhicola	Paraurantiacibacter namhicola
GCA_009827535.1	Altererythrobacter oceanensis	Qipengyuania oceanensis
GCA_003958625.1	Altererythrobacter rigui	Tsuneonella rigui
GCA_003730315.1	Altererythrobacter troitsensis	Tsuneonella troitsensis
GCA_001441535.1	Altererythrobacter troitsensis	Tsuneonella troitsensis
GCA_003958635.1	Altererythrobacter xinjiangensis	Altericroceibacterium xinjiangense
GCA_003752125.1	Amycolatopsis eurytherma	Amycolatopsis thermoflava
GCA_000504245.1	Amycolatopsis halophila	Haloechinothrix halophila
GCA_001039475.1	Anaerobacillus macyae	Alkalihalobacillus macyae
GCA_002837275.1	Arcobacter halophilus	Malaciobacter halophilus
GCA_001878855.1	Arcobacter lekithochrous	Poseidonibacter lekithochrous
GCA_003049765.1	Arcobacter lekithochrous	Poseidonibacter lekithochrous
GCA_013283835.1	Arcobacter lekithochrous	Poseidonibacter lekithochrous
GCA_003544855.1	Arcobacter marinus	Malaciobacter marinus
GCA_002701265.1	Arcobacter molluscorum	Malaciobacter molluscorum
GCA_003544935.1	Arcobacter molluscorum	Malaciobacter molluscorum
GCA_003346775.1	Arcobacter mytili	Malaciobacter mytili
GCA_004116555.1	Arcobacter mytili	Malaciobacter mytili
GCA_004214795.1	Arcobacter pacificus	Malaciobacter pacificus
GCA_001457025.1	Arthrobacter enclensis	Pseudarthrobacter enclensis
GCA_900094675.1	Arthrobacter enclensis	Pseudarthrobacter enclensis
GCA_000204015.1	Asticcacaulis biprosthecum	Asticcacaulis biprosthecium
GCA_000024225.1	Atopobium parvulum	Lancefieldella parvula
GCA_000174015.1	Atopobium rimae	Lancefieldella rimae
GCA_001438885.1	Atopobium rimae	Lancefieldella rimae
GCA_000159235.2	Atopobium vaginae	Fannyhessea vaginae
GCA_900445305.1	Atopobium vaginae	Fannyhessea vaginae
GCA_000178335.1	Atopobium vaginae	Fannyhessea vaginae
GCA_001989575.1	Auricoccus indicus	Abyssicoccus albus
GCA_008365405.1	Azospirillum brasilense	Roseomonas fauriae
GCA_003073175.1	Bacillus acanthi	Peribacillus acanthi
GCA_000513135.1	Bacillus akibai	Alkalihalobacillus akibai
GCA_001315085.1	Bacillus akibai	Alkalihalobacillus akibai
GCA_000292245.2	Bacillus alcalophilus	Alkalihalobacillus alcalophilus
GCA_004802515.1	Bacillus alcalophilus	Alkalihalobacillus alcalophilus
GCA_002019605.1	Bacillus alkalinitrilicus	Alkalihalobacillus alkalinitrilicus
GCA_000956595.1	Bacillus aryabhattai	Priestia aryabhattai
GCA_003570725.1	Bacillus asahii	Peribacillus asahii
GCA_000307855.1	Bacillus azotoformans	Calidifontibacillus azotoformans
GCA_000307875.1	Bacillus bataviensis	Neobacillus bataviensis
GCA_000621445.1	Bacillus bogoriensis	Alkalihalobacillus bogoriensis
GCA_000517385.1	Bacillus boroniphilus	Mesobacillus boroniphilus
GCA_001315165.1	Bacillus boroniphilus	Mesobacillus boroniphilus
GCA_001273755.1	Bacillus butanolivorans	Peribacillus butanolivorans
GCA_900107275.1	Bacillus caseinilyticus	Evansella caseinilytica
GCA_003989135.1	Bacillus cavernae	Peribacillus cavernae
GCA_000177235.2	Bacillus cellulosilyticus	Evansella cellulosilytica
GCA_001591585.1	Bacillus circulans	Niallia circulans
GCA_002250115.1	Bacillus clausii	Alkalihalobacillus clausii
GCA_000420205.1	Bacillus coagulans	Weizmannia coagulans
GCA_000290615.1	Bacillus coagulans	Weizmannia coagulans
GCA_900128875.1	Bacillus coagulans	Weizmannia coagulans
GCA_001591445.1	Bacillus drentensis	Neobacillus drentensis
GCA_001636415.1	Bacillus drentensis	Neobacillus drentensis
GCA_001636325.1	Bacillus eiseniae	Cytobacillus eiseniae
GCA_900115845.1	Bacillus endophyticus	Priestia endophytica
GCA_001591625.1	Bacillus fastidiosus	Metabacillus fastidiosus
GCA_900177535.1	Bacillus filamentosus	Priestia filamentosa
GCA_002237735.1	Bacillus filamentosus	Priestia filamentosa
GCA_900445365.1	Bacillus firmus	Cytobacillus firmus
GCA_001591465.1	Bacillus firmus	Cytobacillus firmus
GCA_001591565.1	Bacillus flexus	Priestia flexa
GCA_004340465.1	Bacillus foraminis	Mesobacillus foraminis
GCA_001591485.1	Bacillus fumarioli	Neobacillus fumarioli
GCA_011008565.1	Bacillus ginsengihumi	Weizmannia ginsengihum
GCA_001636345.1	Bacillus gottheilii	Cytobacillus gottheilii
GCA_004376175.1	Bacillus halodurans	Alkalihalobacillus halodurans
GCA_002019635.1	Bacillus halosaccharovorans	Metabacillus halosaccharovorans
GCA_000513115.1	Bacillus hemicellulosilyticus	Alkalihalobacillus hemicellulosilyticus
GCA_001315065.1	Bacillus hemicellulosilyticus	Alkalihalobacillus hemicellulosilyticus
GCA_000709935.2	Bacillus indicus	Metabacillus indicus
GCA_000708755.2	Bacillus indicus	Metabacillus indicus
GCA_000612625.1	Bacillus jeddahensis	Neobacillus jeddahensis
GCA_002874535.1	Bacillus jeotgali	Mesobacillus jeotgali
GCA_001274935.1	Bacillus koreensis	Priestia koreensis
GCA_000430765.1	Bacillus kribbensis	Peribacillus kribbensis
GCA_001591945.1	Bacillus krulwichiae	Alkalihalobacillus krulwichiae
GCA_002109385.1	Bacillus krulwichiae	Alkalihalobacillus krulwichiae
GCA_004375095.1	Bacillus lehensis	Alkalihalobacillus lehensis
GCA_900478165.1	Bacillus lentus	Lederbergia lentus
GCA_001591545.1	Bacillus lentus	Lederbergia lentus
GCA_007994985.1	Bacillus litoralis	Metabacillus litoralis
GCA_001183985.1	Bacillus loiseleuriae	Peribacillus loiseleuriae
GCA_900096965.1	Bacillus lonarensis	Alkalihalobacillus lonarensis
GCA_000474275.2	Bacillus marmarensis	Alkalihalobacillus marmarensis
GCA_000311725.1	Bacillus massiliosenegalensis	Robertmurraya massiliosenegalensis
GCA_000832985.1	Bacillus megaterium	Priestia megaterium
GCA_006094495.1	Bacillus megaterium	Priestia megaterium
GCA_900445485.1	Bacillus megaterium	Priestia megaterium
GCA_001591525.1	Bacillus megaterium	Priestia megaterium
GCA_000764085.1	Bacillus megaterium	Priestia megaterium
GCA_001636315.1	Bacillus mesonae	Neobacillus mesonae
GCA_001439925.1	Bacillus muralis	Peribacillus muralis
GCA_007830185.1	Bacillus nanhaiisediminis	Alkalihalobacillus nanhaiisediminis
GCA_006007885.1	Bacillus natronophilus	Alteribacter natronophilus
GCA_001591505.1	Bacillus niacini	Neobacillus niacini
GCA_003515685.1	Bacillus notoginsengisoli	Neobacillus notoginsengisoli
GCA_001591805.1	Bacillus novalis	Neobacillus novalis
GCA_001636395.1	Bacillus novalis	Neobacillus novalis
GCA_007830235.1	Bacillus oceanisediminis	Cytobacillus oceanisediminis
GCA_000787375.1	Bacillus okhensis	Alkalihalobacillus okhensis
GCA_001274915.2	Bacillus okuhidensis	Alkalihalobacillus okuhidensis
GCA_000331575.1	Bacillus oryziterrae	Calidifontibacillus oryziterrae
GCA_002019765.1	Bacillus oshimensis	Alkalihalobacillus oshimensis
GCA_002019705.1	Bacillus patagoniensis	Alkalihalobacillus patagoniensis
GCA_001420645.1	Bacillus plakortidis	Alkalihalobacillus plakortidis
GCA_001439605.1	Bacillus praedii	Cytobacillus praedii
GCA_000305495.2	Bacillus psychrosaccharolyticus	Peribacillus psychrosaccharolyticus
GCA_900104555.1	Bacillus salsus	Litchfieldia salsus
GCA_000813125.1	Bacillus selenatarsenatis	Mesobacillus selenatarsenatis
GCA_000093085.1	Bacillus selenitireducens	Salisediminibacterium selenitireducens
GCA_001484965.1	Bacillus shacheensis	Alkalihalobacillus shacheensis
GCA_002243645.1	Bacillus simplex	Peribacillus simplex
GCA_001591785.1	Bacillus simplex	Peribacillus simplex
GCA_001420595.1	Bacillus solani	Cytobacillus solani
GCA_001591665.1	Bacillus soli	Neobacillus soli
GCA_002335815.1	Bacillus soli	Neobacillus soli
GCA_003937825.1	Bacillus subterraneus	Mesobacillus subterraneus
GCA_000738015.1	Bacillus subtilis	Bacillus stercoris
GCA_010975035.1	Bacillus thermocopriae	Neobacillus thermocopriae
GCA_001590785.1	Bacillus trypoxylicola	Alkalihalobacillus trypoxylicola
GCA_001592025.1	Bacillus trypoxylicola	Alkalihalobacillus trypoxylicola
GCA_000508325.2	Bacillus vireti	Neobacillus vireti
GCA_001026695.1	Bacillus vireti	Neobacillus vireti
GCA_000513095.1	Bacillus wakoensis	Alkalihalobacillus wakoensis
GCA_001315045.1	Bacillus wakoensis	Alkalihalobacillus wakoensis
GCA_003570705.1	Bacillus zeae	Mesobacillus zeae
GCA_000613645.1	Bacteroides barnesiae	Phocaeicola barnesiae
GCA_000374585.1	Bacteroides barnesiae	Phocaeicola barnesiae
GCA_003096635.1	Bacteroides coagulans	Ezakiella coagulans
GCA_000154845.1	Bacteroides coprocola	Phocaeicola coprocola
GCA_000157915.1	Bacteroides coprophilus	Phocaeicola coprophilus
GCA_001315785.1	Bacteroides coprophilus	Phocaeicola coprophilus
GCA_000156075.1	Bacteroides dorei	Phocaeicola dorei
GCA_013009555.1	Bacteroides dorei	Phocaeicola dorei
GCA_000613545.1	Bacteroides massiliensis	Phocaeicola massiliensis
GCA_000382445.1	Bacteroides massiliensis	Phocaeicola massiliensis
GCA_000373085.1	Bacteroides massiliensis	Phocaeicola massiliensis
GCA_000613805.1	Bacteroides paurosaccharolyticus	Phocaeicola paurosaccharolyticus
GCA_000187895.1	Bacteroides plebeius	Phocaeicola plebeius
GCA_000190575.1	Bacteroides salanitronis	Phocaeicola salanitronis
GCA_000614185.1	Bacteroides sartorii	Phocaeicola sartorii
GCA_000012825.1	Bacteroides vulgatus	Phocaeicola vulgatus
GCA_002934545.1	Bacteroides xylanolyticus	Hungatella xylanolytica
GCA_900185775.1	Bartonella mastomydis	Candidatus Bartonella mastomydis
GCA_000741415.1	Bifidobacterium stercoris	Bifidobacterium adolescentis
GCA_000771705.1	Bifidobacterium stercoris	Bifidobacterium adolescentis
GCA_000739315.1	Brucella abortus	Brucella melitensis
GCA_000369945.1	Brucella abortus	Brucella melitensis
GCA_000007505.1	Brucella suis	Brucella melitensis
GCA_000223195.1	Brucella suis	Brucella melitensis
GCA_000742005.1	Brucella suis	Brucella melitensis
GCA_000701065.1	Brucella suis	Brucella melitensis
GCA_000402035.1	Burkholderia insecticola	Caballeronia insecticola
GCA_902859915.1	Burkholderia ultramafica	Paraburkholderia ultramafica
GCA_009856525.1	Candidatus Neorickettsia finleia	Neorickettsia findlayensis
GCA_900102265.1	Chryseobacterium hungaricum	Epilithonimonas hungarica
GCA_000428485.1	Chryseobacterium tenax	Epilithonimonas tenax
GCA_000687555.1	Clostridium aerotolerans	Lacrimispora aerotolerans
GCA_000158075.1	Clostridium asparagiforme	Enterocloster asparagiformis
GCA_000154365.1	Clostridium bolteae	Enterocloster bolteae
GCA_002797975.1	Clostridium celerecrescens	Lacrimispora celerecrescens
GCA_902143515.1	Clostridium culturomicum	Hathewaya massiliensis
GCA_008151785.1	Clostridium hiranonis	Peptacetobacter hiranonis
GCA_000156055.1	Clostridium hiranonis	Peptacetobacter hiranonis
GCA_000526995.1	Clostridium indolis	Lacrimispora indolis
GCA_000144625.1	Clostridium saccharolyticum	Lacrimispora saccharolytica
GCA_001312385.1	Clostridium sphenoides	Lacrimispora sphenoides
GCA_900105615.1	Clostridium sphenoides	Lacrimispora sphenoides
GCA_000196455.1	Clostridium sticklandii	Acetoanaerobium sticklandii
GCA_000511955.1	Clostridium ultunense	Schnuerera ultunensis
GCA_900184935.1	Confluentimicrobium lipolyticum	Actibacterium lipolyticum
GCA_900176865.1	Corynebacterium fournierii	Corynebacterium fournieri
GCA_001654855.1	Cosenzaea myxofaciens	Proteus myxofaciens
GCA_900116565.1	Crenotalea thermophila	Thermoflavifilum thermophilum
GCA_001598755.1	Cupriavidus necator	Ralstonia eutropha
GCA_900109255.1	Cyclobacterium halophilum	Cyclobacterium xiamenense
GCA_003254275.1	Cytophaga xylanolytica	Breznakibacter xylanolyticus
GCA_900113335.1	Desulfotomaculum arcticum	Desulfallas arcticus
GCA_000422245.1	Desulfovibrio alkalitolerans	Desulfohalovibrio alkalitolerans
GCA_000429985.1	Desulfovibrio bastinii	Maridesulfovibrio bastinii
GCA_900101105.1	Desulfovibrio ferrireducens	Maridesulfovibrio ferrireducens
GCA_000711735.1	Desulfovibrio frigidus	Maridesulfovibrio frigidus
GCA_000331025.1	Desulfovibrio hydrothermalis	Maridesulfovibrio hydrothermalis
GCA_000425245.1	Desulfovibrio hydrothermalis	Maridesulfovibrio hydrothermalis
GCA_000023445.1	Desulfovibrio salexigens	Maridesulfovibrio salexigens
GCA_000504305.1	Desulfovibrio termitidis	Cupidesulfovibrio termitidis
GCA_000425265.1	Desulfovibrio zosterae	Maridesulfovibrio zosterae
GCA_900114895.1	Ectothiorhodospira mobilis	Ectothiorhodospira marismortui
GCA_009904105.1	Elizabethkingia argentiflava	Elizabethkingia argenteiflava
GCA_013283195.1	Ensifer adhaerens	Ensifer morelensis
GCA_009176645.1	Enterobacter oligotrophica	Enterobacter oligotrophicus
GCA_000403355.2	Enterorhabdus caecimuris	Adlercreutzia caecimuris
GCA_000422625.1	Enterorhabdus mucosicola	Adlercreutzia mucosicola
GCA_002804105.1	Entomoplasma melaleucae	Mesoplasma melaleucae
GCA_000154485.1	Erysipelatoclostridium ramosum	Clostridium ramosum
GCA_009827445.1	Erythrobacter aquimaris	Qipengyuania aquimaris
GCA_003605475.1	Erythrobacter aquimixticola	Aurantiacibacter aquimixticola
GCA_009827335.1	Erythrobacter arachoides	Aurantiacibacter arachoides
GCA_001077815.2	Erythrobacter atlanticus	Aurantiacibacter atlanticus
GCA_009827315.1	Erythrobacter gaetbuli	Qipengyuania gaetbuli
GCA_001886695.1	Erythrobacter gangjinensis	Aurantiacibacter gangjinensis
GCA_001010925.1	Erythrobacter gangjinensis	Aurantiacibacter gangjinensis
GCA_001010945.1	Erythrobacter luteus	Aurantiacibacter luteus
GCA_003363135.1	Erythrobacter lutimaris	Alteriqipengyuania lutimaris
GCA_001021555.1	Erythrobacter marinus	Aurantiacibacter marinus
GCA_001013305.1	Erythrobacter marinus	Aurantiacibacter marinus
GCA_900115585.1	Erythrobacter nanhaisediminis	Qipengyuania nanhaisediminis
GCA_003605195.1	Erythrobacter odishensis	Aurantiacibacter odishensis
GCA_009827295.1	Erythrobacter pelagi	Qipengyuania pelagi
GCA_002795865.1	Erythrobacter seohaensis	Qipengyuania seohaensis
GCA_005434915.1	Erythrobacter suaedae	Aurantiacibacter suaedae
GCA_003584015.1	Erythrobacter xanthus	Aurantiacibacter xanthus
GCA_003584125.1	Erythrobacter zhengii	Aurantiacibacter zhengii
GCA_009828055.1	Erythromicrobium ramosum	Erythrobacter ramosus
GCA_000146185.1	Eubacterium eligens	Lachnospira eligens
GCA_000020605.1	Eubacterium rectale	Agathobacter rectalis
GCA_001747105.1	Fabibacter misakiensis	Roseivirga misakiensis
GCA_003633845.1	Fabibacter pacificus	Roseivirga pacifica
GCA_900111145.1	Fabibacter pacificus	Roseivirga pacifica
GCA_001413955.1	Flagellimonas eckloniae	Muricauda eckloniae
GCA_900129665.1	Flagellimonas flava	Muricauda flava
GCA_003148645.1	Formosa spongicola	Xanthomarina spongicola
GCA_900110855.1	Friedmanniella flava	Microlunatus flavus
GCA_900105785.1	Friedmanniella sagamiharensis	Microlunatus sagamiharensis
GCA_001983935.1	Fuerstia marisgermanicae	Fuerstiella marisgermanici
GCA_002217735.1	Geobacillus galactosidasius	Parageobacillus galactosidasius
GCA_003208675.1	Georgenia satyanarayanai	Oceanitalea nanhaiensis
GCA_900116375.1	Georgenia satyanarayanai	Oceanitalea nanhaiensis
GCA_000380485.1	Gordonia kroppenstedtii	Jongsikchunia kroppenstedtii
GCA_000762875.2	Helicobacter saguini	Helicobacter sanguini
GCA_008125075.1	Hungateiclostridium alkalicellulosi	Acetivibrio alkalicellulosi
GCA_000179595.2	Hungateiclostridium cellulolyticum	Acetivibrio cellulolyticus
GCA_000237085.1	Hungateiclostridium clariflavum	Acetivibrio clariflavus
GCA_004102745.1	Hungateiclostridium mesophilum	Acetivibrio mesophilus
GCA_002844395.1	Hungateiclostridium saccincola	Acetivibrio saccincola
GCA_000015865.1	Hungateiclostridium thermocellum	Acetivibrio thermocellus
GCA_003987355.1	Idiomarina aestuarii	Pseudidiomarina aestuarii
GCA_003987395.1	Idiomarina aquimaris	Pseudidiomarina aquimaris
GCA_000753735.1	Idiomarina atlantica	Pseudidiomarina atlantica
GCA_900116895.1	Idiomarina donghaiensis	Pseudidiomarina donghaiensis
GCA_003987405.1	Idiomarina donghaiensis	Pseudidiomarina donghaiensis
GCA_003987215.1	Idiomarina halophila	Pseudidiomarina halophila
GCA_003987225.1	Idiomarina homiensis	Pseudidiomarina homiensis
GCA_900104245.1	Idiomarina indica	Pseudidiomarina indica
GCA_003987065.1	Idiomarina insulisalsae	Pseudidiomarina insulisalsae
GCA_003987045.1	Idiomarina marina	Pseudidiomarina marina
GCA_900115255.1	Idiomarina maritima	Pseudidiomarina maritima
GCA_900177775.1	Idiomarina planktonica	Pseudidiomarina planktonica
GCA_003987425.1	Idiomarina planktonica	Pseudidiomarina planktonica
GCA_000753715.1	Idiomarina salinarum	Pseudidiomarina salinarum
GCA_003987105.1	Idiomarina salinarum	Pseudidiomarina salinarum
GCA_000423165.1	Idiomarina sediminum	Pseudidiomarina sediminum
GCA_003987265.1	Idiomarina sediminum	Pseudidiomarina sediminum
GCA_004214835.1	Idiomarina tainanensis	Pseudidiomarina tainanensis
GCA_003987435.1	Idiomarina taiwanensis	Pseudidiomarina taiwanensis
GCA_001418345.1	Idiomarina woesei	Pseudidiomarina woesei
GCA_001517265.1	Idiomarina woesei	Pseudidiomarina woesei
GCA_003236305.1	Jishengella endophytica	Micromonospora endophytica
GCA_009734705.1	Kocuria koreensis	Rothia koreensis
GCA_004136575.1	Kocuria koreensis	Rothia koreensis
GCA_001660705.2	Labilibacter aurantiacus	Saccharicrinis aurantiacus
GCA_000425865.1	Lacticigenium naphtae	Lacticigenium naphthae
GCA_001434835.1	Lactobacillus acidifarinae	Levilactobacillus acidifarinae
GCA_000260635.1	Lactobacillus acidipiscis	Ligilactobacillus acidipiscis
GCA_001435755.1	Lactobacillus acidipiscis	Ligilactobacillus acidipiscis
GCA_001436945.1	Lactobacillus acidipiscis	Ligilactobacillus acidipiscis
GCA_001436215.1	Lactobacillus agilis	Ligilactobacillus agilis
GCA_001434695.1	Lactobacillus algidus	Dellaglioa algida
GCA_002849895.1	Lactobacillus alimentarius	Companilactobacillus alimentarius
GCA_001434745.1	Lactobacillus alimentarius	Companilactobacillus alimentarius
GCA_001971585.1	Lactobacillus allii	Companilactobacillus allii
GCA_003946005.1	Lactobacillus allii	Companilactobacillus allii
GCA_001311665.1	Lactobacillus amylophilus	Amylolactobacillus amylophilus
GCA_001436185.1	Lactobacillus amylophilus	Amylolactobacillus amylophilus
GCA_006540265.1	Lactobacillus amylophilus	Amylolactobacillus amylophilus
GCA_001434555.1	Lactobacillus amylotrophicus	Amylolactobacillus amylotrophicus
GCA_001434535.1	Lactobacillus animalis	Ligilactobacillus animalis
GCA_000183825.1	Lactobacillus animalis	Ligilactobacillus animalis
GCA_000160835.1	Lactobacillus antri	Limosilactobacillus antri
GCA_001435475.1	Lactobacillus antri	Limosilactobacillus antri
GCA_000615885.1	Lactobacillus apodemi	Ligilactobacillus apodemi
GCA_001434405.1	Lactobacillus apodemi	Ligilactobacillus apodemi
GCA_001436315.1	Lactobacillus aviarius	Ligilactobacillus aviarius
GCA_007989665.1	Lactobacillus aviarius	Ligilactobacillus aviarius
GCA_003124125.1	Lactobacillus bambusae	Levilactobacillus bambusae
GCA_001436115.1	Lactobacillus brantae	Lacticaseibacillus brantae
GCA_000469365.1	Lactobacillus brevis	Levilactobacillus brevis
GCA_900475625.1	Lactobacillus brevis	Levilactobacillus brevis
GCA_001433855.1	Lactobacillus brevis	Levilactobacillus brevis
GCA_001436735.1	Lactobacillus cacaonum	Liquorilactobacillus cacaonum
GCA_001311195.1	Lactobacillus camelliae	Lacticaseibacillus camelliae
GCA_001436615.1	Lactobacillus camelliae	Lacticaseibacillus camelliae
GCA_000615205.1	Lactobacillus casei	Lacticaseibacillus casei
GCA_000829055.1	Lactobacillus casei	Lacticaseibacillus casei
GCA_003946245.1	Lactobacillus cerevisiae	Levilactobacillus cerevisiae
GCA_000423245.1	Lactobacillus ceti	Ligilactobacillus ceti
GCA_001438785.1	Lactobacillus ceti	Ligilactobacillus ceti
GCA_004123795.1	Lactobacillus chiayiensis	Lacticaseibacillus chiayiensis
GCA_001312845.1	Lactobacillus collinoides	Secundilactobacillus collinoides
GCA_000583695.1	Lactobacillus composti	Agrilactobacillus composti
GCA_001436375.1	Lactobacillus composti	Agrilactobacillus composti
GCA_001435835.1	Lactobacillus concavus	Lapidilactobacillus concavus
GCA_001434585.1	Lactobacillus crustorum	Companilactobacillus crustorum
GCA_001438825.1	Lactobacillus crustorum	Companilactobacillus crustorum
GCA_000785105.2	Lactobacillus curieae	Lentilactobacillus curieae
GCA_001435495.1	Lactobacillus curvatus	Latilactobacillus curvatus
GCA_001311645.1	Lactobacillus curvatus	Latilactobacillus curvatus
GCA_004101845.1	Lactobacillus curvatus	Latilactobacillus curvatus
GCA_006540285.1	Lactobacillus curvatus	Latilactobacillus curvatus
GCA_001436095.1	Lactobacillus dextrinicus	Lapidilactobacillus dextrinicus
GCA_001434255.1	Lactobacillus diolivorans	Lentilactobacillus diolivorans
GCA_000615765.1	Lactobacillus equi	Ligilactobacillus equi
GCA_001435735.1	Lactobacillus equi	Ligilactobacillus equi
GCA_001570685.1	Lactobacillus equigenerosi	Limosilactobacillus equigenerosi
GCA_000498955.2	Lactobacillus fabifermentans	Lactiplantibacillus fabifermentans
GCA_002706745.1	Lactobacillus farciminis	Companilactobacillus farciminis
GCA_004354695.1	Lactobacillus farciminis	Companilactobacillus farciminis
GCA_001434775.1	Lactobacillus farciminis	Companilactobacillus farciminis
GCA_000184535.1	Lactobacillus farciminis	Companilactobacillus farciminis
GCA_000583655.1	Lactobacillus farraginis	Lentilactobacillus farraginis
GCA_001435875.1	Lactobacillus farraginis	Lentilactobacillus farraginis
GCA_005341425.1	Lactobacillus fermentum	Limosilactobacillus fermentum
GCA_000159215.1	Lactobacillus fermentum	Limosilactobacillus fermentum
GCA_001436605.1	Lactobacillus floricola	Holzapfelia floricola
GCA_001436645.1	Lactobacillus florum	Fructilactobacillus florum
GCA_005405305.1	Lactobacillus formosensis	Companilactobacillus formosensis
GCA_003573535.1	Lactobacillus formosensis	Companilactobacillus formosensis
GCA_001437175.1	Lactobacillus fructivorans	Fructilactobacillus fructivorans
GCA_003368395.1	Lactobacillus fructivorans	Fructilactobacillus fructivorans
GCA_000185465.1	Lactobacillus fructivorans	Fructilactobacillus fructivorans
GCA_001434095.1	Lactobacillus fructivorans	Fructilactobacillus fructivorans
GCA_001436935.1	Lactobacillus fructivorans	Fructilactobacillus fructivorans
GCA_000615805.1	Lactobacillus fuchuensis	Latilactobacillus fuchuensis
GCA_001435065.1	Lactobacillus fuchuensis	Latilactobacillus fuchuensis
GCA_003946325.1	Lactobacillus furfuricola	Companilactobacillus furfuricola
GCA_001435505.1	Lactobacillus futsaii	Companilactobacillus futsaii
GCA_001050475.1	Lactobacillus ginsenosidimutans	Companilactobacillus ginsenosidimutans
GCA_001293735.1	Lactobacillus gorillae	Limosilactobacillus gorillae
GCA_001436415.1	Lactobacillus graminis	Latilactobacillus graminis
GCA_009600985.1	Lactobacillus halodurans	Companilactobacillus halodurans
GCA_001434395.1	Lactobacillus hammesii	Levilactobacillus hammesii
GCA_000615845.1	Lactobacillus hayakitensis	Ligilactobacillus hayakitensis
GCA_001434455.1	Lactobacillus hayakitensis	Ligilactobacillus hayakitensis
GCA_000831645.3	Lactobacillus heilongjiangensis	Companilactobacillus heilongjiangensis
GCA_005405325.1	Lactobacillus heilongjiangensis	Companilactobacillus heilongjiangensis
GCA_001039045.1	Lactobacillus herbarum	Lactiplantibacillus herbarum
GCA_000159315.1	Lactobacillus hilgardii	Lentilactobacillus hilgardii
GCA_004354795.1	Lactobacillus hilgardii	Lentilactobacillus hilgardii
GCA_001434655.1	Lactobacillus hilgardii	Lentilactobacillus hilgardii
GCA_001437505.1	Lactobacillus hokkaidonensis	Paucilactobacillus hokkaidonensis
GCA_001434845.1	Lactobacillus hordei	Liquorilactobacillus hordei
GCA_001435775.1	Lactobacillus ingluviei	Limosilactobacillus ingluviei
GCA_001437235.1	Lactobacillus ingluviei	Limosilactobacillus ingluviei
GCA_003946015.1	Lactobacillus insicii	Companilactobacillus insicii
GCA_003950295.1	Lactobacillus iwatensis	Loigolactobacillus iwatensis
GCA_004359375.1	Lactobacillus jinshani	Acetilactobacillus jinshanensis
GCA_001311745.1	Lactobacillus kefiri	Lentilactobacillus kefiri
GCA_007989105.1	Lactobacillus kefiri	Lentilactobacillus kefiri
GCA_001438805.1	Lactobacillus kimchiensis	Companilactobacillus kimchiensis
GCA_001311425.1	Lactobacillus kisonensis	Lentilactobacillus kisonensis
GCA_001434135.1	Lactobacillus kisonensis	Lentilactobacillus kisonensis
GCA_001435525.1	Lactobacillus koreensis	Levilactobacillus koreensis
GCA_003112615.1	Lactobacillus kosoi	Apilactobacillus micheneri
GCA_001281265.1	Lactobacillus kunkeei	Apilactobacillus kunkeei
GCA_001433825.1	Lactobacillus kunkeei	Apilactobacillus kunkeei
GCA_900167245.1	Lactobacillus lindneri	Fructilactobacillus lindneri
GCA_001311115.1	Lactobacillus lindneri	Fructilactobacillus lindneri
GCA_002907375.1	Lactobacillus lindneri	Fructilactobacillus lindneri
GCA_001438685.1	Lactobacillus lindneri	Fructilactobacillus lindneri
GCA_004354735.1	Lactobacillus malefermentans	Secundilactobacillus malefermentans
GCA_000260415.1	Lactobacillus mali	Liquorilactobacillus mali
GCA_001436535.1	Lactobacillus mali	Liquorilactobacillus mali
GCA_001311155.1	Lactobacillus manihotivorans	Lacticaseibacillus manihotivorans
GCA_001435035.1	Lactobacillus manihotivorans	Lacticaseibacillus manihotivorans
GCA_004117915.1	Lactobacillus metriopterae	Companilactobacillus metriopterae
GCA_002993975.1	Lactobacillus micheneri	Apilactobacillus micheneri
GCA_001434275.1	Lactobacillus mindensis	Companilactobacillus mindensis
GCA_002217925.1	Lactobacillus mixtipabuli	Secundilactobacillus mixtipabuli
GCA_005405425.1	Lactobacillus modestisalitolerans	Lactiplantibacillus modestisalitolerans
GCA_005405385.1	Lactobacillus mudanjiangensis	Lactiplantibacillus mudanjiangensis
GCA_001436015.1	Lactobacillus murinus	Ligilactobacillus murinus
GCA_001591685.1	Lactobacillus murinus	Ligilactobacillus murinus
GCA_003967595.1	Lactobacillus musae	Companilactobacillus musae
GCA_003573575.1	Lactobacillus musae	Companilactobacillus musae
GCA_001434225.1	Lactobacillus nagelii	Liquorilactobacillus nagelii
GCA_001434785.1	Lactobacillus namurensis	Levilactobacillus namurensis
GCA_001435815.1	Lactobacillus nantensis	Companilactobacillus nantensis
GCA_001434705.1	Lactobacillus nasuensis	Lacticaseibacillus nasuensis
GCA_005405445.1	Lactobacillus nenjiangensis	Paucilactobacillus nenjiangensis
GCA_000615905.1	Lactobacillus nodensis	Companilactobacillus nodensis
GCA_001592065.1	Lactobacillus nodensis	Companilactobacillus nodensis
GCA_001435555.1	Lactobacillus nodensis	Companilactobacillus nodensis
GCA_002872255.1	Lactobacillus nuruki	Companilactobacillus nuruki
GCA_001436275.1	Lactobacillus oeni	Liquorilactobacillus oeni
GCA_001434465.1	Lactobacillus oris	Limosilactobacillus oris
GCA_001311525.1	Lactobacillus oryzae	Secundilactobacillus oryzae
GCA_000740055.1	Lactobacillus oryzae	Secundilactobacillus oryzae
GCA_001311395.1	Lactobacillus otakiensis	Lentilactobacillus otakiensis
GCA_000415925.1	Lactobacillus otakiensis	Lentilactobacillus otakiensis
GCA_001434145.1	Lactobacillus otakiensis	Lentilactobacillus otakiensis
GCA_001435995.1	Lactobacillus ozensis	Apilactobacillus ozensis
GCA_001027985.1	Lactobacillus panis	Limosilactobacillus panis
GCA_001435935.1	Lactobacillus panis	Limosilactobacillus panis
GCA_001311175.1	Lactobacillus pantheris	Lacticaseibacillus pantheris
GCA_001435155.1	Lactobacillus pantheris	Lacticaseibacillus pantheris
GCA_001591865.1	Lactobacillus pantheris	Lacticaseibacillus pantheris
GCA_000383435.1	Lactobacillus parabrevis	Levilactobacillus parabrevis
GCA_001434055.1	Lactobacillus parabrevis	Levilactobacillus parabrevis
GCA_001437515.1	Lactobacillus parabrevis	Levilactobacillus parabrevis
GCA_001435315.1	Lactobacillus parabuchneri	Lentilactobacillus parabuchneri
GCA_001591885.1	Lactobacillus parabuchneri	Lentilactobacillus parabuchneri
GCA_001311355.1	Lactobacillus parafarraginis	Lentilactobacillus parafarraginis
GCA_001435895.1	Lactobacillus parafarraginis	Lentilactobacillus parafarraginis
GCA_002157585.1	Lactobacillus parakefiri	Lentilactobacillus parakefiri
GCA_004354625.1	Lactobacillus parakefiri	Lentilactobacillus parakefiri
GCA_000615725.1	Lactobacillus paralimentarius	Companilactobacillus paralimentarius
GCA_001434985.1	Lactobacillus paralimentarius	Companilactobacillus paralimentarius
GCA_009764345.1	Lactobacillus paralimentarius	Companilactobacillus paralimentarius
GCA_003641145.1	Lactobacillus paraplantarum	Lactiplantibacillus paraplantarum
GCA_001435655.1	Lactobacillus paraplantarum	Lactiplantibacillus paraplantarum
GCA_001437125.1	Lactobacillus paucivorans	Levilactobacillus paucivorans
GCA_002217985.1	Lactobacillus pentosiphilus	Secundilactobacillus pentosiphilus
GCA_001433755.1	Lactobacillus pentosus	Lactiplantibacillus pentosus
GCA_003641185.1	Lactobacillus pentosus	Lactiplantibacillus pentosus
GCA_004354685.1	Lactobacillus pentosus	Lactiplantibacillus pentosus
GCA_001435585.1	Lactobacillus perolens	Schleiferilactobacillus perolens
GCA_005405405.1	Lactobacillus plajomi	Lactiplantibacillus plajomi
GCA_000143745.1	Lactobacillus plantarum	Lactiplantibacillus plantarum
GCA_001434175.1	Lactobacillus plantarum	Lactiplantibacillus plantarum
GCA_007989145.1	Lactobacillus plantarum	Lactiplantibacillus plantarum
GCA_001436855.1	Lactobacillus plantarum	Lactiplantibacillus plantarum
GCA_003641165.1	Lactobacillus plantarum	Lactiplantibacillus argentoratensis
GCA_000615325.1	Lactobacillus plantarum	Lactiplantibacillus plantarum
GCA_900452585.1	Lactobacillus plantarum	Lactiplantibacillus plantarum
GCA_000349725.1	Lactobacillus pobuzihii	Ligilactobacillus pobuzihii
GCA_001433815.1	Lactobacillus pobuzihii	Ligilactobacillus pobuzihii
GCA_007991295.1	Lactobacillus pobuzihii	Ligilactobacillus pobuzihii
GCA_001438865.1	Lactobacillus pobuzihii	Ligilactobacillus pobuzihii
GCA_001435345.1	Lactobacillus pontis	Limosilactobacillus pontis
GCA_002994005.1	Lactobacillus quenuiae	Apilactobacillus quenuiae
GCA_900411375.1	Lactobacillus raoultii	Lentilactobacillus raoultii
GCA_001311445.1	Lactobacillus rapi	Lentilactobacillus rapi
GCA_001436255.1	Lactobacillus rapi	Lentilactobacillus rapi
GCA_002849515.1	Lactobacillus rhamnosus	Lacticaseibacillus rhamnosus
GCA_000615245.1	Lactobacillus rhamnosus	Lacticaseibacillus rhamnosus
GCA_001435405.1	Lactobacillus rhamnosus	Lacticaseibacillus rhamnosus
GCA_900636965.1	Lactobacillus rhamnosus	Lacticaseibacillus rhamnosus
GCA_007990855.1	Lactobacillus rhamnosus	Lacticaseibacillus rhamnosus
GCA_000277855.1	Lactobacillus rossiae	Furfurilactobacillus rossiae
GCA_000428925.1	Lactobacillus rossiae	Furfurilactobacillus rossiae
GCA_001435135.1	Lactobacillus rossiae	Furfurilactobacillus rossiae
GCA_900113455.1	Lactobacillus ruminis	Ligilactobacillus ruminis
GCA_001008755.1	Lactobacillus ruminis	Ligilactobacillus ruminis
GCA_001436475.1	Lactobacillus ruminis	Ligilactobacillus ruminis
GCA_001591905.1	Lactobacillus ruminis	Ligilactobacillus ruminis
GCA_000423265.1	Lactobacillus saerimneri	Ligilactobacillus saerimneri
GCA_001435165.1	Lactobacillus saerimneri	Ligilactobacillus saerimneri
GCA_003864415.1	Lactobacillus salitolerans	Ligilactobacillus salitolerans
GCA_002079585.1	Lactobacillus salivarius	Ligilactobacillus salivarius
GCA_000159395.1	Lactobacillus salivarius	Ligilactobacillus salivarius
GCA_001435955.1	Lactobacillus salivarius	Ligilactobacillus salivarius
GCA_009600965.1	Lactobacillus salsicarnum	Companilactobacillus salsicarnum
GCA_001436035.1	Lactobacillus sanfranciscensis	Fructilactobacillus sanfranciscensis
GCA_003369815.1	Lactobacillus sanfranciscensis	Fructilactobacillus sanfranciscensis
GCA_002907365.1	Lactobacillus sanfranciscensis	Fructilactobacillus sanfranciscensis
GCA_001437465.1	Lactobacillus saniviri	Lacticaseibacillus saniviri
GCA_001311785.1	Lactobacillus saniviri	Lacticaseibacillus saniviri
GCA_001437055.1	Lactobacillus secaliphilus	Limosilactobacillus secaliphilus
GCA_001312065.1	Lactobacillus senioris	Lentilactobacillus senioris
GCA_001436555.1	Lactobacillus senioris	Lentilactobacillus senioris
GCA_001592085.1	Lactobacillus senmaizukei	Levilactobacillus senmaizukei
GCA_001436675.1	Lactobacillus senmaizukei	Levilactobacillus senmaizukei
GCA_001311055.1	Lactobacillus sharpeae	Lacticaseibacillus sharpeae
GCA_001436225.1	Lactobacillus sharpeae	Lacticaseibacillus sharpeae
GCA_001313225.1	Lactobacillus silagei	Secundilactobacillus silagei
GCA_002217945.1	Lactobacillus silagei	Secundilactobacillus silagei
GCA_004354595.1	Lactobacillus silagei	Secundilactobacillus silagei
GCA_002583405.1	Lactobacillus silagincola	Secundilactobacillus silagincola
GCA_001437435.1	Lactobacillus siliginis	Furfurilactobacillus siliginis
GCA_007989765.1	Lactobacillus siliginis	Furfurilactobacillus siliginis
GCA_001311075.1	Lactobacillus similis	Secundilactobacillus similis
GCA_001436595.1	Lactobacillus similis	Secundilactobacillus similis
GCA_003946025.1	Lactobacillus songhuajiangensis	Lacticaseibacillus songhuajiangensis
GCA_001435095.1	Lactobacillus spicheri	Levilactobacillus spicheri
GCA_004115745.1	Lactobacillus suantsaii	Levilactobacillus suantsaii
GCA_001435575.1	Lactobacillus sunkii	Lentilactobacillus sunkii
GCA_001312865.1	Lactobacillus thailandensis	Lacticaseibacillus thailandensis
GCA_001436135.1	Lactobacillus thailandensis	Lacticaseibacillus thailandensis
GCA_002993965.1	Lactobacillus timberlakei	Apilactobacillus timberlakei
GCA_001434665.1	Lactobacillus tucceti	Companilactobacillus tucceti
GCA_001434935.1	Lactobacillus uvarum	Liquorilactobacillus uvarum
GCA_001436295.1	Lactobacillus vaccinostercus	Paucilactobacillus vaccinostercus
GCA_001434295.1	Lactobacillus versmoldensis	Companilactobacillus versmoldensis
GCA_000260455.1	Lactobacillus versmoldensis	Companilactobacillus versmoldensis
GCA_001435395.1	Lactobacillus vini	Liquorilactobacillus vini
GCA_000255495.2	Lactobacillus vini	Liquorilactobacillus vini
GCA_000876205.1	Lactobacillus wasatchensis	Paucilactobacillus wasatchensis
GCA_001438845.1	Lactobacillus xiangfangensis	Lactiplantibacillus xiangfangensis
GCA_003946265.1	Lactobacillus yonginensis	Levilactobacillus yonginensis
GCA_001433745.1	Lactobacillus zeae	Lacticaseibacillus zeae
GCA_000260435.1	Lactobacillus zeae	Lacticaseibacillus zeae
GCA_003606365.2	Lactobacillus zhachilii	Companilactobacillus zhachilii
GCA_001434115.1	Lactobacillus zymae	Levilactobacillus zymae
GCA_003269295.1	Lechevalieria atacamensis	Lentzea atacamensis
GCA_003148865.1	Lechevalieria deserti	Lentzea deserti
GCA_900100955.1	Lechevalieria fradiae	Lentzea fradiae
GCA_900110955.1	Lechevalieria xinjiangensis	Lentzea xinjiangensis
GCA_002811955.1	Leptospira elllisii	Leptospira ellisii
GCA_007990505.1	Leptotrichia goodfellowii	Pseudoleptotrichia goodfellowii
GCA_000516535.1	Leptotrichia goodfellowii	Pseudoleptotrichia goodfellowii
GCA_001273855.1	Leucobacter musarum	Leucobacter japonicus
GCA_002646595.1	Lewinella nigricans	Flavilitoribacter nigricans
GCA_900143685.1	Libanicoccus massiliensis	Parolsenella massiliensis
GCA_003049505.1	Lysinibacillus meyeri	Metasolibacillus meyeri
GCA_000971155.1	Lysinimicrobium aestuarii	Demequina maris
GCA_000971135.1	Lysinimicrobium flavum	Demequina phytophila
GCA_000971115.1	Lysinimicrobium gelatinilyticum	Demequina gelatinilytica
GCA_000971395.1	Lysinimicrobium iriomotense	Demequina iriomotensis
GCA_000971215.1	Lysinimicrobium luteum	Demequina silvatica
GCA_000759715.1	Lysinimicrobium mangrovi	Demequina mangrovi
GCA_900109245.1	Lysinimicrobium mangrovi	Demequina mangrovi
GCA_000971255.1	Lysinimicrobium rhizosphaerae	Demequina rhizosphaerae
GCA_000971195.1	Lysinimicrobium soli	Demequina soli
GCA_000971235.1	Lysinimicrobium subtropicum	Demequina subtropica
GCA_900107855.1	Marinobacterium georgiense	Marinobacterium iners
GCA_005780245.1	Maripseudobacter aurantiacus	Maribacter aurantiacus
GCA_000430045.1	Meiothermus chliarophilus	Calidithermus chliarophilus
GCA_003574095.1	Meiothermus roseus	Calidithermus roseus
GCA_003574345.1	Meiothermus terrae	Calidithermus terrae
GCA_000373205.1	Meiothermus timidus	Calidithermus timidus
GCA_003008425.1	Mesoflavibacter aestuarii	Aurantibacter aestuarii
GCA_000527095.1	Methylosarcina lacus	Methylomicrobium lacus
GCA_004355245.1	Mycobacterium chelonae	Mycobacteroides chelonae
GCA_000815065.1	Mycoplasma flocculare	Mesomycoplasma flocculare
GCA_000167595.1	Mycoplasma genitalium	Mycoplasmoides genitalium
GCA_000027325.1	Mycoplasma genitalium	Mycoplasmoides genitalium
GCA_000008205.1	Mycoplasma hyopneumoniae	Mesomycoplasma hyopneumoniae
GCA_006546935.1	Mycoplasma mucosicanis	Mycoplasmopsis mucosicanis
GCA_003383595.3	Mycoplasma phocicerebrale	Metamycoplasma phocicerebrale
GCA_004216495.1	Mycoplasma phocirhinis	Mycoplasmopsis phocirhinis
GCA_000686245.1	Mycoplasma pirum	Mycoplasmoides pirum
GCA_000969765.1	Mycoplasma synoviae	Mycoplasmopsis synoviae
GCA_002305895.1	Myxococcus macrosporus	Corallococcus macrosporus
GCA_004768465.1	Natronospirillum operossus	Natronospirillum operosum
GCA_012396365.1	Nocardiopsis dassonvillei	Nocardiopsis alborubida
GCA_900102455.1	Novosphingobium stygium	Novosphingobium aromaticivorans
GCA_900142295.1	Oceanicola litoreus	Vannielia litorea
GCA_000182645.1	Ochrobactrum intermedium	Brucella intermedia
GCA_900454225.1	Ochrobactrum intermedium	Brucella intermedia
GCA_003049685.2	Ochrobactrum pituitosum	Brucella pituitosa
GCA_008801705.1	Ochrobactrum pituitosum	Brucella pituitosa
GCA_000971985.1	Paenibacillus dauci	Paenibacillus shenyangensis
GCA_000198775.1	Paraburkholderia rhizoxinica	Mycetohabitans rhizoxinica
GCA_006716645.1	Pararcticibacter tournemirensis	Arcticibacter tournemirensis
GCA_008690275.1	Pararcticibacter tournemirensis	Arcticibacter tournemirensis
GCA_008017875.1	Pararheinheimera tangshanensis	Rheinheimera tangshanensis
GCA_003725335.1	Parvibacter caecicola	Adlercreutzia caecicola
GCA_004339765.1	Pedobacter bauzanensis	Albibacterium bauzanense
GCA_900168015.1	Pedobacter luteus	Daejeonella lutea
GCA_000422945.1	Pedobacter oryzae	Daejeonella oryzae
GCA_900103545.1	Pedobacter ruber	Daejeonella rubra
GCA_001888165.1	Pelobacter acetylenicus	Syntrophotalea acetylenica
GCA_000012885.1	Pelobacter carbinolicus	Syntrophotalea carbinolica
GCA_000012485.1	Pelodictyon luteolum	Chlorobium luteolum
GCA_000294655.1	Phaeospirillum molischianum	Magnetospirillum molischianum
GCA_900111375.1	Phycicoccus cremeus	Pedococcus cremeus
GCA_900114845.1	Pimelobacter simplex	Nocardioides simplex
GCA_006538965.1	Pimelobacter simplex	Nocardioides simplex
GCA_009828025.1	Porphyrobacter algicida	Qipengyuania algicida
GCA_002155685.1	Porphyrobacter colymbi	Erythrobacter colymbi
GCA_000422985.1	Porphyrobacter cryptus	Erythrobacter cryptus
GCA_001677335.1	Porphyrobacter dokdonensis	Erythrobacter dokdonensis
GCA_002155305.1	Porphyrobacter dokdonensis	Erythrobacter dokdonensis
GCA_002155425.1	Porphyrobacter donghaensis	Erythrobacter donghaensis
GCA_001663175.1	Porphyrobacter neustonensis	Erythrobacter neustonensis
GCA_002155655.1	Porphyrobacter sanguineus	Erythrobacter sanguineus
GCA_900143235.1	Porphyrobacter sanguineus	Erythrobacter sanguineus
GCA_002155695.1	Porphyrobacter tepidarius	Erythrobacter tepidarius
GCA_001642025.1	Propionibacterium namnetense	Cutibacterium namnetense
GCA_000467065.1	Pseudomonas fuscovaginae	Pseudomonas asplenii
GCA_001400515.1	Pseudomonas meliae	Pseudomonas amygdali
GCA_002097715.1	Pseudomonas mesoacidophila	Paraburkholderia acidophila
GCA_002362295.1	Pseudomonas mesoacidophila	Paraburkholderia acidophila
GCA_002835605.1	Pseudomonas pharmafabricae	Pseudomonas pharmacofabricae
GCA_002091775.1	Pseudomonas pseudoalcaligenes	Pseudomonas oleovorans
GCA_900142085.1	Pseudopelagicola gijangensis	Shimia gijangensis
GCA_900291955.1	Pseudoruminoccoccus massiliensis	Pseudoruminococcus massiliensis
GCA_001939045.1	Rhizobium oryziradicis	Allorhizobium oryziradicis
GCA_001938985.1	Rhizobium taibaishanense	Allorhizobium taibaishanense
GCA_003050905.1	Rhodobacter azotoformans	Luteovulum azotoformans
GCA_001720585.1	Rhodobacter johrii	Luteovulum johrii
GCA_003046325.1	Rhodobacter johrii	Luteovulum johrii
GCA_900207575.1	Rhodobacter ovatus	Luteovulum ovatum
GCA_007991035.1	Rhodobacter sphaeroides	Luteovulum sphaeroides
GCA_009797665.1	Rhodobacter sphaeroides	Luteovulum sphaeroides
GCA_000269625.2	Rhodobacter sphaeroides	Luteovulum sphaeroides
GCA_000273405.1	Rhodobacter sphaeroides	Luteovulum sphaeroides
GCA_003324715.1	Rhodobacter sphaeroides	Luteovulum sphaeroides
GCA_000012905.2	Rhodobacter sphaeroides	Luteovulum sphaeroides
GCA_001646865.1	Rhodococcus kunmingensis	Aldersonia kunmingensis
GCA_000942395.1	Risungbinella massiliensis	Drancourtella massiliensis
GCA_003116585.1	Ruegeria kandeliae	Albibacillus kandeliae
GCA_001312505.1	Ruminococcus faecis	Mediterraneibacter faecis
GCA_900113055.1	Sanguibacter marinus	Flavimobilis marinus
GCA_002564025.1	Sanguibacter soli	Flavimobilis soli
GCA_000828915.1	Serpentinomonas mccroryi	Candidatus Serpentinomonas mccroryi
GCA_009599935.1	Sinorhizobium medicae	Ensifer medicae
GCA_007827695.1	Sinorhizobium medicae	Ensifer medicae
GCA_009601385.1	Sinorhizobium meliloti	Ensifer meliloti
GCA_002288285.1	Sphingobium hydrophobicum	Sphingobium xenophagum
GCA_000016765.1	Sphingomonas wittichii	Rhizorhabdus wittichii
GCA_008329945.1	Spirochaeta perfilievii	Thiospirochaeta perfilievii
GCA_002902235.1	Staphylococcus cohnii	Staphylococcus ureilyticus
GCA_900458735.1	Staphylococcus lentus	Mammaliicoccus lentus
GCA_002902755.1	Staphylococcus lentus	Mammaliicoccus lentus
GCA_004684875.1	Staphylococcus petrasii	Staphylococcus croceilyticus
GCA_004785665.1	Staphylococcus petrasii	Staphylococcus pragensis
GCA_002901995.1	Staphylococcus schleiferi	Staphylococcus coagulans
GCA_002901825.1	Staphylococcus sciuri	Mammaliicoccus sciuri
GCA_900474615.1	Staphylococcus sciuri	Mammaliicoccus sciuri
GCA_001046995.1	Staphylococcus sciuri	Mammaliicoccus sciuri
GCA_900187075.1	Staphylococcus stepanovicii	Mammaliicoccus stepanovicii
GCA_002902525.1	Staphylococcus stepanovicii	Mammaliicoccus stepanovicii
GCA_002902265.1	Staphylococcus vitulinus	Mammaliicoccus vitulinus
GCA_003970525.1	Staphylococcus vitulinus	Mammaliicoccus vitulinus
GCA_001431675.1	Stenotrophomonas maltophilia	Stenotrophomonas africana
GCA_013004645.1	Stenotrophomonas maltophilia	Stenotrophomonas africana
GCA_002154385.1	Streptomyces albovinaceus	Streptomyces globisporus
GCA_002154345.1	Streptomyces fimicarius	Streptomyces griseus
GCA_000385945.1	Streptomyces fulvissimus	Streptomyces microflavus
GCA_008704575.1	Streptomyces galilaeus	Streptomyces bobili
GCA_009811575.1	Streptomyces glebosus	Streptomyces platensis
GCA_000721185.1	Streptomyces griseolus	Streptomyces halstedii
GCA_001418575.1	Streptomyces griseoplanus	Streptacidiphilus griseoplanus
GCA_000719265.1	Streptomyces roseoverticillatus	Streptomyces baldaccii
GCA_003011125.1	Synechococcus lacustris	Candidatus Synechococcus lacustris
GCA_002846495.1	Tetrasphaera duodecadis	Phycicoccus duodecadis
GCA_000367525.2	Tetrasphaera elongata	Phycicoccus elongatus
GCA_001458315.1	Thalassobacter stenotrophicus	Jannaschia cystaugens
GCA_900141945.1	Thalassobacter stenotrophicus	Jannaschia cystaugens
GCA_001458335.1	Thalassobius activus	Cognatishimia activa
GCA_000204155.1	Verrucosispora maris	Micromonospora maris
GCA_001507315.1	Verrucosispora maris	Micromonospora maris
GCA_900112325.1	Verrucosispora sediminis	Micromonospora sediminimaris
GCA_000518145.1	Vibrio albensis	Vibrio cholerae
GCA_000181535.1	Vibrio shilonii	Vibrio mediterranei
GCA_001573155.1	Vitellibacter aquimaris	Aequorivita aquimaris
GCA_002939985.1	Xanthomonas cynarae	Xanthomonas hortorum
GCA_900109115.1	Xiangella phaseoli	Micromonospora phaseoli
GCA_003253475.1	Xiangella phaseoli	Micromonospora phaseoli
GCA_900116195.1	Yangia pacifica	Salipiger pacificus
GCA_900100725.1	Yangia pacifica	Salipiger pacificus
GCA_900115565.1	Yuhushiella deserti	Amycolatopsis arida
GCA_004365925.1	Yuhushiella deserti	Amycolatopsis arida
GCA_001570905.1	Zimmermannella alba	Pseudoclavibacter alba
GCA_001570925.1	Zimmermannella bifida	Gulosibacter bifidus
GCA_000381765.1	Zimmermannella faecalis	Gulosibacter faecalis
